Score,Text
3,"These were a great price that's why I gobbled some up [lemon, toffee, chocolate & strawberry].  I've tried the lemon in some of the WuLong tea [ick..guess I should try a better tasting tea?] noticed the after taste, as usual.  I've also tried the strawberry in some carbonated water [suggestion from the 101 Recipes for the HCG protocol] and that's not too bad.  Definitely something you gotta get use to...because of the after taste. [I know this product and other Stevia products are natural so this taste doesn't mentally affect me as does the Aspartame, Splenda and other man-made sweeteners - those are just plain bad for us but the after taste of these Stevita products remind me of those man-made sweeteners - ICK].  I've actually had a little better luck with the Nu-Stevia powder, as long as I am careful on the amount [for example I use it in my smoothies, i.e. 1 packet for a 16-20oz smoothie].  So the '3' rating is for the taste...and after-taste.  :-("
3,"These don't taste like cardboard, thankfully; they have a pleasant, subtle almost nutty flavor, as if peanut butter is in them. However, the texture, even in the center of the cookie, is not moist at all!! I was hoping the outside would be slightly crunchy while the inside was softer and moist. They also crumble easily. They are alright but nothing I'd purchase again."
3,"After having initially sampled the LESTER'S FIXINS <a href=""http://www.amazon.com/gp/product/B0079KZ9AK"">Sweet Corn Soda</a> and the <a href=""http://www.amazon.com/gp/product/B0079KWXKY"">Buffalo Wing Soda</a>, and now this ""bacon flavored"" concoction, I've come to the conclusion that this a rather creepy line of beverages.  However, I love the novelty idea of these weirdo sodas - for me, this helps to mitigate what would otherwise be a poor rating of these items.<br />All of this being said, I shared a bottle of this dubious beverage with three co-workers.  The first thing I noticed when I opened the bottle was a smell that is best described as an amalgamation of <a href=""http://www.amazon.com/gp/product/B000EFBM4O"">Baco's</a> imitation bacon bits and garbage!  In all seriousness, it was a somewhat fetid smell that, had I not known what this drink was, I probably wouldn't have tasted it.  Fortunately, the smell of this beverage was the worst part; if you can actually avoid the scent of this soda, it's marginally palatable.  In essence, it tasted like imitation bacon bits and cane sugar, with a faint, lingering aftertaste of liquid smoke.  It wasn't good, but out of the three ""Lester's Fixins"" sodas that I've sampled so far, this one was the least problematic to drink... But then again, that's not saying very much!<br />Lester's Fixins Bacon Soda is great as a novelty or as a gag gift, but that's about it."
3,As usual the biscuits is very good. Normally we get couple of biscuits that are totally crumble once we get it. This time a whole packet (out of 7) is totally worthless. Expect not to get similar again.
3,"I'll start with a confession: I make my own margaritas, the basic recipe with lime juice, triple sec, and tequila, plus salt.  That means I'm not expecting other flavors and I'm really not expecting it to be sweet.<br /><br />Take away the alcohol and what's left is lime, and that's what I was expecting when I tasted this.  It's not what I got.  There's lime, of course, plus what seems to be lemon for some reason, but no detectable orange or bitter orange (which would replace the triple sec).  It's fairly sweet.<br /><br />It's also a startling neon green-yellow, a great color for a kids' drink.<br /><br />If you like sweet margarita mixes, this might be for you.  After the kids have gone to bed you can add some tequila and triple sec and make it a bit more interesting, and from there you could throw it into a blender with some ice for a frozen drink.  If your margaritas are lime juice with a kick, you'll probably find this to be too sweet.<br /><br />Update: I mixed this in a bottle with a narrow neck, and left it for a couple of days.  When I poured myself a glass tonight, I noticed a white residue stuck on the bottom of the bottle.  I've poured out the Crystal Light and tried everything I can think of, but I can't clean the residue off.  You might want to keep this in a bottle or pitcher with a wide mouth that you can fit your hand into, to be able to clean it properly."
3,"I LOVE ginger. It is so good for you. It's supposed to calm a sour stomach. There are lots of good health benefits. But this herbal root also gives you such a hot zing that you feel a little more awake along with bringing joy to your taste buds. That being said, my taste buds found the level of ginger in this beverage to be a little bit much. This would be great for the diehard ginger lover OR fantastic if mixed with fruit or other fruity herbs in hot water. This product could also add zing to your conventional iced tea in the summer. So I would recommend trying it. The fact that it is a powdered compounded product adds ease to mixing it for an instant cuppa lift! Enjoy!<a href=""http://www.amazon.com/gp/product/B000PWTCBQ"">Ginger Drink -Gold Kili 40 Sachets Packed in 2 Bags</a><a href=""http://www.amazon.com/gp/product/B001EPPLWM"">Gold Kili All Natural Instant Caffeine-free Ginger Drink, 20-Count Bags (Pack of 3)</a>"
3,"I love Land O Lakes Cocoa.  I love shopping via the internet, especially on Amazon.com.  This seemed like a good deal, especially since I am willing to pay a little extra for the convenience of shopping at home. (Don't tell me that a product is cheaper at Costco - it takes me an hour travel time and another half hour just standing in line at that store.)  However, I got no Chocolate Mint and no Dark chocolate in my variety.  I enjoy all the flavors I received, so I see no need to return anything.  But I won't order from this seller again.  If they ship one order different than what was advertised, what might I get next time?"
3,"To start, I'm a big fan of Blue Diamond brand Almonds. I really like the bold flavors, Habanero BBQ and Lime & Chili. I had never seen the Blazin' Buffalo Wing flavor at the local grocery store so I ordered them here on Amazon.<br /><br />When you first put an almond in your mouth you get the initial hint of buffalo wing flavor but it quickly goes away and then just tastes kind of strange.<br /><br />They aren't bad but they aren't my favorite. Every bodies taste buds are different so you might like them but I don't think I'll buy this flavor again."
3,"I don't think these are good or bad.  They are edible, not disgusting but not tasty either.  The texture is the worst thing about them.  It is not really like pasta.  No one in a blind tast test would guess that it is noodles.  There is a smell that is associated with opening the package but this was definitely exaggerated in some reviews.<br /><br />I Ate them and felt satisfied and full (I did not vomit or gag while attempting this).  This is obviously a huge plus as they have no calories.  I used Hungry girl's recipe for alfredo with these noodles.  I also added some canned asparagus for bulk.<br /><br />If you are looking for a zero calorie substitute that tastes just like real pasta, then you are going to be dissapointed.  If you are looking for something that is edible and will fill you up, you may want to consider it.<br /><br />My conclusion:  ehhh. I'll eat it, but it's nothing to write home about."
3,"Nice taste, but too tough to chew for me. It has a good smell of coconut skin & not too sweet, but I prefer the Kind Bar Almond & Apricot (without yogurt) since the bar is softer.  It's not too sweet.  If you like sweeter, choose the one with yogurt."
3,"Shipping was prompt.  Packaging was good.  However, the 'bulk' product was actually more expensive (~$1 or 13% more) and not as good as available locally 'by-the-piece' in downtown Chicago.<br /><br />In addition, we were hoping that there would be nutritional information.  There was not.  Instead, there were 76 pieces in a plain plastic bag weighing 16.1 ounces.<br /><br />So, overall the vendor performed well but there was no value added.<br /><br />Quality Comparison<br />-----------------------<br />The wrapping was similar but the candy is less sweet like it contains HFCS instead of honey and the texture is noticeably coarser and seems to stick to our teeth a lot more.  This made us miss the nutritional disclosures even more.<br /><br />Cost Comparison<br />--------------------<br />Bayside Candy on Amazon = $8.59 / 76 pieces = $0.113<br /><br />Downtown Chicago at Kramer's Health Foods = $7.60 / 76 pieces = $0.10 or about $1 less for the same quantity and we have the flexibility to buy as many or few as we like.<br /><br />In short, we found no advantage and will continue to drop at in the local health food shop and get our sesame treats along with a friendly smile and without the extra packaging waste or wait for delivery.  Amazon's great, but you can't win 'em all."
3,"These should be amazing.  Really, just look at that picture!  A chocolate chip cookie that is chewy on the outside and full of creamy fudge.  Good glory, I could go into a happy coma just thinking about it.<br /><br />Unfortunately, they are not so good.  The fudgey middle is actually just a bigger chocolate chip, and the cookie is more crumbly and dry than chewy.  The taste is heavily dominated by all of that chocolate, and the chocolate, while not bad, is not good enough to stand on its own.<br /><br />Don't break your heart by buying these.  Just look at the picture and dream."
3,I love blueberries but the ones in this pouch remind me of burnt crumbs. I pick them out and eat the rest.
3,"We are huge Green Mountain fans and excitedly ordered this coffee earlier this month, but I must admit that it doesn't have a true, what I would call, ""pumpkin spice"" flavor.  It's more like nutmeg and cinnamon flavored water.  I tend to like bolder coffee (I'm a Double Black Diamond gal), and was thinking that this is why I was let down, but my husband (who is a Breakfast Blend guy) didn't like it either.  I compared the flavor of this coffee to some coffee that we purchased in a local store, which was also entitled, ""Pumpkin Spice,"" and the other coffee was way more rich with pumpkiny flavor than this one.  I will most likely finish the box but I'm not clamoring for it every morning.  Hey maybe I'll offer it to unsuspecting guests!  If you're just looking for something seasonal, it might be a good buy.  But if you're a purist and expect the flavors to run deep, you might want to look elsewhere."
3,"It pops into large kernels, but the flavor and texture of this popcorn just isn't as good as the Baby White from Amish. If you're looking for the perfect movie theater style popcorn, get the Baby White and skip this one. However, this popcorn isn't bad and I would prefer it over the grocery store Orville crap. I didn't have many unpopped kernels but this popcorn has fairly large hulls."
3,"The formula is wonderful - I haven't had a single problem since I started using it when my baby was 3 months old.  He's now 9mths and is still doing great on this stuff...I'm just glad he's almost near the end of his formula days since it's the price (specifically the Amazon price) I'm not happy with.<br /><br />I've been buying this formula from Amazon since March 2012 - and at that time it was the best price out there - $36.70 for a 6pk ($6.12/bottle).<br /><br />Then by August the price had jumped to $38.16 ($6.36/bottle) - but still the cheapest price out there, so I wasn't complaining.<br /><br />Now - October - the price has jumped yet again to $41.94 ($6.99/bottle)  - making it more expensive than Walmart or Target.<br /><br />The seller has always been Amazon (not another seller through Amazon) - so it's not a change in seller causing the price changes.  I just hope the price raises were out of necessity...and I guess I'll have to take my $180 a month elsewhere from now on."
3,"I drink several cups of tea a day. I like Earl Gray but the Bigalow doesn't have the intensity and spunk I expect from tea. Leaving it steep longer makes it nasty and bitter, of course. I won't order it again. It isn't bad, it just isn't my cup of tea."
3,"I thought these were going to be sliced sweet potato's, but they are not part of the ingredients. It's actually sweet potato flour. In addition, there is rice flour and corn flour mixed in. I think the taste of the corn flour overpowers the sweet potato flavor. Overall, the chips taste like salty corn flakes with a hint of sweet potato.  Overall, probably fairly healthy for what they are (low in fat), but short on taste. If you are not expecting a strong sweet potato flavor, then these may be a good choice for you."
3,"We luved original Zico, but now its taste totally different.<br />When introduced it was pure coconut water which was just pasteurized.  Now it says its from concentrate.<br /><br />Taste little different now!"
3,This product isn't bad but it doesn't hit the sweet sweet spot for me.<br />I cannot remember where or what brand of popcorn it was so the search continues.<br />If I find it again - I'll update and modify the review...
3,"Well, when I ordered this I wasn't quite sure what to expect, but it sure wasn't a roll on deodorant container filled with stinky liver flavored liquid.  For me personally, I've always stood by the belief that while the dogs are the one enjoying the dog toys and treats, the are more made for the humans than anything else and there is something totally repugnant about a dog eating from a deodorant container.<br /><br />Jilly, my puppy, loved it.  She kept on trying to take it out of my hand and bite at the container until she realized she had to lick but she did love the flavor.  The only real negative is that Jilly got ""liver breath.""  Also the ball in the container didn't spin and I had to squeeze and I got a drip or two on the floor.  I have wood floors so no harm no foul, but if you have carpeting you might get a stain, but Jilly helped with the clean up.<br /><br />But I couldn't quite get over the container and even though Jilly loved it the doggy breath and the fact I didn't like her licking a deodorant container was a big turn off.  Plus, if I used roll on deodorant I won't want my dog to associate it with treats, in case she got in the bathroom and ate the real deodorant which I'm sure could make her very sick.<br /><br />3 Stars.<br /><br />UPDATE:  The cat found this on the table and started pawing at it, so I opened it for her so she could have a lick and she loves it more than the dog!"
3,"Product came all bent out of shape, probably due to shipping. Big enough to fit 2 dishes. If I place the water dish on the warped side it holds the mat down. It's OK"
3,"My one complaint is the package clearly indicates the pasta cooks quickly...in 8-9 minutes. Well, I've prepared it twice now and both times took a minimum of 20 minutes to get the middle to soften up. Keep that in mind when making dinner because it definitely is not going to cook nearly as fast as the bag indicates.<br /><br />On a positive note, the product tastes fairly good. It also works well as a cold pasta for salads and, of course, the fact that it is gluten-free is a healthy choice for those with gluten intolerance.<br /><br />I gave the product 3 stars because it's a middle-of-the-road review for me. Good points and bad...so it's about average."
3,"I ordered the vanilla coffee for my college age children.  Unfortunately, there were shipping delays and it did not arrive until the kids had returned to college for the Fall semester.  Update to come when they finally come home for a break -- it may be a while.  The other coffees I have ordered have all been tasty and a very good value, I have no reason to believe this will be any different. I can say that the k cups and the Keurig have been delightful.  I enjoy having a freshly brewed cup every time and like that I save a bunch of money by brewing at home into a travel mug rather than stopping to drop $2.00 for a cup on the way to work.  Saves all those styrofoam cups too!"
3,"This was my first matcha and then i worked my way up to uji matcha manten which is the most expensive best matcha in the world 60 dolalrs for 40 grams.<br /><br />then i came back to this. it was great at first but after getting spoiled by uji matcha, ippodo and hibiki-an the bitterness after taste is too strong for me."
3,"<span class=""tiny""> Length:: 1:01 Mins<br /><br /></span>Lickety Stik is a lickable (vs. edible) dog treat that comes in a variety of flavors, such as bacon, liver and chicken.  The container looks something like an old-style stick of deordorant with a plastic ball under the cap that LOOKS like it would roll around, but is actually stationary.  You squeeze the bottle until the gravy-like liquid treat starts to ooze out AROUND the ball and the dog licks it off. If you're not careful (i.e., if you squeeze too hard, esp. if you are treating a small dog like mine), you could end up with a mess on the floor.  That said, it is not difficult to master how hard to squeeze to treat the dog...just be forewarned to squeeze gently until you find the right pressure to use.<br /><br />As you will see in the accompanying video, my dog adores the flavor (I was using the liver flavor Lickety Split in the video).  She whines for it sometimes several times a day (she knows where I keep it).  However, she has a sensitive stomach and I have had to switch over to predominantly allergy-formula food and treats to reduce (and almost eliminate) the frequency of her spit-ups.  The day after I gave her the first taste of Lickety Stik, she spit up for the first time in a few months.  Perhaps that had nothing to do with it and it was something else, but it did make me wary of treating her with this product too often.<br /><br />Note that the packaging says this product is ""All-Natural with Vitamins,"" that there is only ""1 calorie in every 10 licks"" and that there are ""over 500 licks per bottle.""  The product is made in the USA.<br /><br />I can see where this product would be an excellent one to use for training purposes or on car trips, when you don't want to have to carry a lot of treats with you.<br /><br />Edited 10/11/11 to add that, after reviewing a couple of other reviews, it appears that the rollerball is SUPPOSED to roll, which was my assumption, but it did not on either of the ones I have used (bacon and liver flavors).  I just opened them up and tried to forcibly roll the ball.  I was able to on one but not the other.  Perhaps it varies by container or perhaps it takes a good while of use before the ball starts rolling.  I've been using it about a week."
3,"This is no more than a finely ground garlic powder.  Good, but able to buy in a store.  No magic about it."
3,I usually drink Twinnings earl grey.  I opted to try something new and i love bergamont so i figured DOUBLE BERGAMONT would be amazing. Well this tea smells amazing but it is very very weak. I have to use 2 teabags vs 1 twinnings tea bag and seep it for 7+ min in order to get the equal flavor i would get from twinnings. I wish this tea was stronger in flavor not just in smell.
3,"This looks like a ""good for you"" product, what with the honey and green tea and acai and all, but I was disappointed to find sucralose (artificial sweetener) on the ingredients list. I love the convenience of having a tube of powder to pour into my water bottle and shake... and I did like the taste, but I probably won't be buying more because of the sucralose."
3,"We've been purchasing direct from retail stores, either PetSmart or Felix & Oscar's in Springfield, VA.  The condition of the cans shipped was not as good as I would have hoped.  Several cans were dented in each shipment.  Quality of the cat food is very good; cost savings may outweigh the shipping issues and the convenience of not going to the pet store."
3,I was a little disappointed with this product. When I use it it imparts a flavor to the food that I don't like. It's slight but noticeable. Since the flavor of food is very important to me I stopped using it. Others might not notice this difference.
3,"I really enjoy flavored coffees, and like how mild Melitta coffees are. (I am not a fan of French roast (i.e., Starbucks) - it's too bitter and burnt tasting for me.) Melitta's French vanilla flavor, however, is my least favorite of the Melitta flavored coffees (behind hazelnut and morning decadence). I find that the flavor is too overwhelming and cloying. For those who like strong flavor, this will be a hit, but I find that I have to mix it (1 spoon of flavored to 2 spoons of regular) in order to enjoy it."
3,"I haven't had any American junk food in so long, so I found this snack a bit too salty for my taste, and oily as well."
3,"Because it's easily available, this is my go-to mix when I need to make something. Because it only makes one layer, I use it to make cupcakes, muffins or a layer I can split and fill (such as Boston cream pie).<br /><br />The mix is rather lackluster by itself; it needs help. Because it has plenty of xanthan gum in it, it's easy to doctor this mix. Recommended additions are blueberries + lemon peel, or peanut butter, or a mashed banana and a dash of cinnamon. Vanilla always helps too.<br /><br />By itself the texture is rather dry and coarse. I coax the most out of this mix by using buttermilk, vanilla, and the two-stage mixing method."
3,"I bought these for my child who struggles with constipation and has to eat a lot of fiber. He loves the taste of them and we to too.BUT...<br /><br />I sat down and read the ingredients on the wrapper today and was shocked. The fiber content IS good but there are also BHT and hydrogenated oils in the bar.<br /><br />I am not a foodie by any means. I don't always eat organic. I am just shocked that for a ""healthy"" snack this bar has these ingredients.<br /><br />There is also a fair amount of sugar in the bar. Don't get me wrong, sugar is fine in reasonable amounts but for diabetics it may not be good to eat this bar.<br /><br />Also.... be prepared...these can cause BAD gas. Start out slow !"
3,"Flavor is so-so (not entirely worth the calories). Without the massive introductory discount, I would not buy this product from Amazon again. Too expensive. I've found it significantly cheaper at my local grocery store."
3,"Nice chew alternative to rawhide when they are allergic to beef.  I have to say the beagle likes them a lot more than the lab, he tends to let them lay there til last resort.  They both like the really thin pork ties so maybe the rolls are just too thick for the lab."
3,Received the tart cherry juice and noted too much bubbles and foam at the top of the bottle. Was it suppose to be this foamy and is it safe to drink it.
3,When I purchased the product there was no nutritional information.  There was none at the Omaha Steak web site either.  I bought it expecting fish to be a healthy product.  I requested the company to send out nutritional information after my purchase.  It has 8g of transfat.  The sole almondine tastes fine but I would not purchase it again because of the transfat.  I baked it in a drip pan to remove as much of the fat as possible.
3,"The CytoSport energy drink is a helpful sports supplement. It does give a noticeable boost to help power through intense hour long cardio classes such as Spinning, Cardio Kickboxing and Zumba. There has been overall improvement in fitness, performance and an ability to increase workout frequency & time from using this supplement. It definitely helps in post workout recovery, little to no muscle soreness. Beats the muscle burn from Spinning and Kickboxing.<br /><br />I have previously used the Pomegranate flavored powder and it tastes more like 1980's Red Kool Aid punch than Pomegranate.<br /><br />The Fresh Apple flavored Cytomax is supposed to be a green apple flavor. Unfortunately, it tastes strongly of plastic with a hint of green apple. I would return it if I could.<br /><br />Also, if you use a sports bottle that holds 24 oz. count on using two scoops of the powder per bottle fill.<br /><br />The Cytomax works better if you drink a small amount 15 minutes before your workout, as directed."
3,"I have a Boston Terrier, who likes to chew, but won't just chew on anything.  After a bad experience with a tennis ball (that he got hold to) and his intestinal tract, I've been very selective about the toys I give him. A lot of the other pet owners that reviewed here had pets on the upper end of that 50lb scale and my Boston (at adult development) is only around 20lbs, if that. So, I thought I'd give this a try and watch out for complete destruction of the toy. Well, from day 1 when we received this he took to it immediately. I don't know if this has a flavor, but he didn't touch any of the other toys we received the same day... only this one. And, he's chewed on it every day now for about 4 months.  Only recently did I begin to notice that he'd finally broken through a corner and I tossed the toy. That white plastic can kill his intestinal organs if it gets in there.  So, for the price vs. the length of time it lasted and he enjoyed it without cause, it's an ""ok"" toy. I'm going to buy him another one, but I think the key is to stay vigilant and be sure that once your pet seems to start puncturing through this, it needs to be thrown out immediately. Since he is quite literally never alone, this is not as big an issue as it may be for other pet owners.  Please keep this in mind before buying!"
3,These chips were good but I just wish there was more of the cheddar chasse kind because they're my favorite. They give you all them plain. But overall it was at a great price. I've never had any problem buying things from here.
3,"We had a lego birthday party for my sons seventh birthday.  These candy blocks were fun, as you can build with them. however they were very hard.  I overheard more than one adult guest make a comment about not breaking a tooth.  Maybe they need to be that hard in order to build with them?"
3,"When I first ordered Switch, I was looking forward to something that was light, refreshing and tasted like black cherry.  Perhaps I am use to the taste of black cherry soda?  I am not sure about that, but I am sure that it didn't taste like black cherry.  It was just ""okay"".  I wasn't thrilled about the product, but I also wouldn't go out of my way to tell people that I don't like it.  Bottom line, I would not order it again, but I would try another flavor. The idea is there!  I'm curious to see if the flavor is!"
3,"I can't give more than a 3 star average for this item, when considering the flavor and taste of this ""organic chocolate"" bar.<br /><br />Like some other Newman's Own food products that I've tasted, it doesn't offer any special quality, other than that the ingredients are virtually all ""organic"".  Unfortunately, our local, state and Federal requirements for ""organic"" foods, are severely flawed, and this product potentially  illustrates this problem quite well.<br /><br />The ingredients in these chocolate bars may meet most standards for organic foodstuffs, but there is an important element missing in the case of chocolate, that most people don't understand.<br /><br />I have read several articles recently about the high lead content of much of the chocolate that we consume, and for a period of time this problem was presumed to be that the cocoa beans themselves were (are) contaminated with lead, due to the leaded gasoline  in the engines of the farming equipment used in those countries that grow cocoa beans.<br /><br />However, some articles mention that lab analyses show that raw cocoa beans themselves have a relatively low amount of lead in them, compared to the final, processed chocolate products (and compared to other similar food products).  Some observant writers have then suggested that the high lead concentrations in cocoa products, are probably due to lead in the air near and over the drying beds, where the beans themselves are dried.  The reason for this contamination would be similar to the original theories, since there is likely high lead content in the air around these drying beds, for the prior reasoning (the lead in the gasoline used on the cocoa bean farms is emitted by tractor and other vehicle exhaust,  and then these contaminants attach themselves to the drying cocoa beans).<br /><br />At any rate, if the price of Newman's Own organic dark chocolate is as high as I suspect it is,  I would recommend buying a cheaper brand of chocolate bar (""organic"" or not), since there's no way to know whether Newman's Own chocolate has less (or more) lead in it, than other brands do."
3,"Walkers shortbread thins are a favorite at my house but hard to find. I was thrilled to find them on Amazon even though the price was more than a retail store. But the shipping was free in this case so I bought them. The cookies arrived bundled in a set of 4 boxes as expected. However, every cookie in each box was broken. This does not change the quality taste of these cookies (butter, lemon and raspberry choices) but it definitely limits serving options. I will not likely serve broken cookies at a party or special occasion. I was very disappointed that all the cookies were broken, none were intact. I will be highly hesitant to buy them through Amazon again."
3,"We are from the southwest, as a family we don't eat Thai, but I bought this to expose my daughter to other flavors.  I don't know if it tastes like Thai, but the smell is strong and I pair it with bananas."
3,"We have been big fans of these Altoids for a long time. They are a great breath freshener and cough suppressant. It makes a suitable replacement for preserved ginger candy. However, the old Altoids made in England were much better than the new ones made in the US. The English version was not as sweet and tasted more like real ginger. We still have some of the old version and the differences are very evident. Still, the new ones are the best mass produced mints out there in the market - and the only place we could find to buy them is through Amazon. They are not on retail racks."
3,"The Kind bars are just too sweet for me. But I love the fruit and nut ratio and crunch with every bite. I was hoping this would work because it's gluten and wheat free, all natural, has a low glycemic index and a decent amount of fiber, no trans fats and the price is great on Amazon and with ""subscribe and save"" it's even cheaper."
3,"I must say that my dog and all at the dog park LOVE these treats. Even the very fussy boxer sniffs at my pocket waiting for them. The sizes are quite variable which is ok.<br /><br />The product arrived with no protective covering on either the outside of the tub or under the lid which bothered me a bit (not sure if they had been open, returned by someone, then sent to us) so that is why I rated 3 stars.<br /><br />The amount of product for the price is great!<br />I would most likely purchase again."
3,"The Dilmah is a competent black tea.  There was nothing remarkable about the taste or the experience.  It is very finely ground, so make sure your tea holder has very small holes or you will end up with loose tea in your cup."
3,"have not tried the tea yet, i purchased it after reviewing an article by Dr Oz that that suggest using this mixed with another tea to boost ones metabolism"
3,"These became my favorite meal bars after I purchased a few at a gas station while evacuating during Hurricane Katrina. They were sugar free, and, to me at least, tasted a little like Snickers (or at least how I remembered Snickers tasting; I hadn't had one in a while).<br /><br />Somewhere in there, Kraft changed the formula, adding sugar while still retaining some of the artificial sweeteners. I found the taste to be similar, but not nearly as good. Worst part was a metallic aftertaste.<br /><br />Well, Kraft stopped producing these, and I didn't miss them too much, because they weren't the same. I still checked periodically to see if they would come out again, though. I saw recently that they'd been rereleased, but also that they'd been reformulated yet again. Now they're chewy (they had been crunchy) and are sweetened without artificial sweeteners (they use stevia, a natural sweetener, in addition to more sugar). It has a stronger peanut taste than before, very different from the Kraft bars. At least that metallic taste is gone.<br /><br />I would strongly recommend buying a single box (or single bar if possible) if you want to try these. I used to prefer this flavor to the chocolate South Beach meal bars, but now I prefer the chocolate. The taste of those actually improved with the reformulation. I'd rate the original chocolate peanut butter meal bars 5 stars, the new chocolate meal bars 4 stars, and these new chocolate peanut butter meal bars 3 stars.<br /><br />What I'd really like is for someone to produce 1% cheese slices like Kraft produced under the South Beach name a while back. I only found it at Sam's Club for a short time."
3,"Both my wife and I are big fans of Mini-Wheats. My wife loves the <a href=""http://www.amazon.com/gp/product/B003ZHO7JK"">Kellogg's Frosted Chocolate Mini Wheats Little Bites Cereal 16 oz</a> while I used to love the raisin filled mini wheats they made in the 90s. Sadly, they've since been replaced by the artifically flavored and erroneously named <a href=""http://www.amazon.com/gp/product/B004CYLWGQ"">Frosted Mini-Wheats Cereal, Touch of Fruit in the Middle (Mixed Berry), 18-Ounce Boxes (Pack of 4)</a>.  As we're both fans of cinnamon rolls and the new <a href=""http://www.amazon.com/gp/product/B006BXUZVO"">Kellogg's Raisin Bran Cereals, Cinnamon and Almond, 14.5-Ounce (Pack of 4)</a> (also by Kellogs), this seemed like a good one to try.<br /><br />Unfortunately, I really didn't like it. I didn't taste any cinnamon at all and the icing on the mini-wheats doesn't taste like any cinnamon roll topping I've ever had. I've had ones from organic co-ops to Pillsbury DoughBoy encrusted ones. This just tasted...odd and unpleasant to me. After finishing a bowl, I realized that it tasted like my rabbit's hairball medicine smelled. molasses and malt. Sure enough, malt flavoring is the main ingredient in the icing. As such it was hard to want to take eat any more after the mental picture of me gulping down Laxatone developed. On the plus side, my rabbits REALLY wanted this cereal. It's pretty close to what they eat anyway.<br /><br />My wife liked the cereal however, She didn't think it tasted like cinnamon rolls, but she found the taste pleasing. As such the cereal was one for two in my household and so it gets a thumb's in the middle here. One last note though, each serving is 47 grams of carbs. That's pretty impressive."
3,"This tea has an awfully light flavor. I use this powder to make green tea lattes and green tea frappes. Very tasty. I generally shake 12 ounces cold milk, 2-3 packets of this tea powder, and 1 ounce simple syrup, then pour it over ice. Tho make the frappe, I blend the same ingredients with ice, instead of pouring it over ice. It is annoying that to make a small drink I need to use 2-3 times more than expected."
3,"We've had a K cups coffee brewer for two years and this is the best coffee we've come across so far.  In general the brewer produces weak coffee, even if one selects the 'small cup' size.  Tully's Italian and French Roasts partially overcome this with a bold roast or perhaps just more coffee per cup.  On a scale of 1 - 10 where 1 is a cup of Folger's crystals and 10 is cup of Starbucks coffee brewed on a Clover, this comes in around a 6 or 7.  Not fantastic but very drinkable."
3,Once again I did NOT receive COMVITA Raw Honey.  This is not the first time that the supplier substituted another New Zealand honey for the Comvita Honey which I had ordered.  The two are not the same and I will not order the 35.2 ounce jars again because I do not have this problem when I order Comvita honey packaged in small jars.
3,I had my doubts about this but I bought it anyway and now I must say it's pretty tasty.  I add some splenda and it's quite good.  I have only used it for iced tea but I also wonder how it would do in a hot toddy this winter...
3,"To start, I'm a big fan of Blue Diamond brand Almonds. I really like the bold flavors, Habanero BBQ and Lime & Chili. I had never seen the Blazin' Buffalo Wing flavor at the local grocery store so I ordered them here on Amazon.<br /><br />When you first put an almond in your mouth you get the initial hint of buffalo wing flavor but it quickly goes away and then just tastes kind of strange.<br /><br />They aren't bad but they aren't my favorite. Every bodies taste buds are different so you might like them but I don't think I'll buy this flavor again."
3,"One of my cats liked this food, although not as much as he liked the Petite Cuisine Seafood Variety Cat Food, and my other cat wouldn't touch this food; however, she does like the Petite Cuisine Seafood Variety. This variety of food comes with chunks of chicken, chunks of vegetables and gravy. I'm guessing my finicky cat was turned off by the vegetable chunks. On the positive side these cans are easy to open and you can pour the food out without having to use a spoon. However, because one of my cats wouldn't touch this food I won't buy it again. I'll stick with the Petite Cuisine Seafood Variety Cat Food."
3,"Best croutons around, but this price is ridiculous. You can buy these at Walmart for $1 a bag. I buy 6 bags at a time whenever I'm in the store."
3,"......for whatever reason, these are just too mushy.  I've gotten them from Amazon twice now and both times they've been like this.  They should be a little more aged or firm or whatever you want to call it.  It's hard to snap into a Slim Jim when it's mush.  I think I'll just stick to buying them in a store."
3,"I have been trying to reduce fat, specifically the bad fats, in my diet lately, and try to find ways to increase fiber without eating things that taste like cardboard, so when I had a chance to try coconut manna, I jumped at it.  The packaging says it is a healthy substitute for butter, and can be used as a spread.  My mouth watered at the idea of a bit of this, some nutella, and a banana wrapped up in a whole grain wrap.  The potential here was exciting for someone who loves coconut like I do.<br /><br />The packaging indicated that the oil separates from the coconut, and you must put the container in hot water for five to ten minutes for everything to soften, so that you can stir it all up to a nice smooth consistency.  Sound pretty easy right?  Wrong.  I found after leaving the container in a bowl of hot water for 10 minutes, it was still too hard to stir.  It took three rounds of hot water bath-vigorous stir cycle to get this to wear I could use it.  I tasted it, and was sad that it did not taste nearly as good as I anticipated.  It also had a weird gritty texture, and overall I was not crazy about it.<br /><br />Since clearly this was not going to work as a spread for me, I instead used while cooking mulligatawny soup.  I had created a low fat version of the soup without butter, cream, or milk, so the coconut manna helped add a bit of richness to it.  However, it is still a bit high in calories to be something I would use daily.  I will probably continue using olive oil for much of my cooking, but I do plan on experimenting with the coconut manna when making smoothies, sauces, desserts, and ethnic dishes.  It did nicely in my soup.<br /><br />I am not completely sold on coconut manna, but I am not ready to give up on it either."
3,"I ordered these to have at my son's Harry Potter birthday party.  The kids had fun eating them and trying to guess what ""nasty"" flavor each one was.  However, the two boxes are extremely small and I would not pay the almost $9 +shipping for them again.  If I had known how small the boxes were (I honestly did not check size before purchasing-lesson learned!) I would not have bought them.  I had to be very skimpy with the kids on how many they could try so that each child got to eat a couple-and we only had 10 kids there!  Fun, but pricey!"
3,"There is no question about the fact that I absolutely love a rich and full-body flavored cup of coffee. The aroma can always get to me through a single whiff for me to enjoy. But when it does come to the best, you really expect to the best company to have the best flavor. That does come mostly well with Starbucks, and their brand of Natural Fusions Vanilla flavored coffee. The taste does fell delightful, but honestly I was hoping from the smell that there could've been a lot more vanilla flavored into the coffee, making more savory cup deliver the best vanilla you could ask for. While it isn't a bad cup from Starbucks at all, I have definitely tasted better from brands like Melitta and Folgers. Still, I wish I could've gotten more Starbucks than my money had shown for it.<br /><br />Price: C+<br /><br />Taste: B-<br /><br />Overall: C+"
3,"My twin boys have loved this product - they gobbled it up.  And as a mom, I loved it because it was very tasty and unique.  But also because it used a lot of veggies that my boys don't often get in their diet, like peppers and eggplant.  Since I last bought this product on Amazon the entire recipe has changed and there is no indication of such in the Amazon description.  It now is almost all carrots (something that my boys eat constantly) and quinoa.  No eggplant.  Only red peppers as one of the last ingredients.  And amaranth, for which it is named, went from ingredient number two, to the end of the ingredient list just above the spices.  It is not nearly as tasty in my opinion, either.  It looks and tastes a lot more like the Super Salmon.To be honest, this is just an entirely different product.  My boys still eat it, but I was disappointed and might not buy it again."
3,"I had high hopes for this Taco Bell Jalapeno Sauce.  My family and I enjoy most Taco Bell products; both from the restaurant and the in-store products.  I love their Fire Sauce, and wish they sold it in bottle form at the grocery store.  So when I saw this new Taco Bell Bold & Creamy Jalapeno Sauce, I was excited to try it.  I really enjoy just about anything spicy, so my hopes and expectations were high.  Now that I have tried this sauce, I am somewhat disappointed yet find it to be a good addition to most Mexican foods that I enjoy.<br /><br />The name of the product clearly states ""Bold & Creamy.""  I agree with the creamy aspect of their claim, but feel that the word bold should be changed to something less aggressive, like tangy.  You definitely detect notes of Jalapeno peppers in the sauce, but it is quite subdued and has a somewhat artificial taste.  But I'm not bashing the product or saying that it isn't tasty.  I have found my favorite use of this product is with tacos and burritos.  I add a light amount of the Taco Bell Jalapeno Sauce to my soft and hard shell tacos, and then add generous amounts of Taco Bell Fire Sauce (I hoard packets of that stuff and always try to get as much of it as I can whenever I visit the Taco Bell drive-thru).  The Jalapeno sauce gives the tacos a bit of a sour cream flavor, while also added just a slight bit of Jalapeno kick.  I have tried this sauce with several other things from sandwiches to salads, and even a spicy chicken wrap.  While I didn't mind the sauce with the wrap, I didn't enjoy it at all with sandwiches and salads.<br /><br />Overall I will likely continue to purchase this product going forward, but I think a single bottle will last quite some time.  It doesn't have a good enough taste to stand on its own, as a dip or as a replacement for other sauces that I enjoy.  I don't find it to be nearly spicy enough, but I also understand that making it much more spicy would likely limit their sales to a more specific consumer market.  It is an above average product that is a solid compliment to some Mexican dishes, but I don't see this becoming a best seller among the Taco Bell brand name.  But I don't think the product is the type that most people will either love or hate.  It falls right in the middle, and I think most people will find it to be moderately satisfactory.  Go ahead and give it a try for yourself.  I suggest picking up a single bottle before buying a lot of 6, as they sell on this site, just to make sure you enjoy it enough to consider stocking up with that quantity.  I hope you enjoy it.  =o)"
3,"Never really intended to use this in a professional setting so the noise issue is not that big of a deal. Just wanted a simple device that could fit in my backpack to interface with my laptop for impromptu interviews and music recordings. For the price paid, it's very cheap and lightweight plastic construction leaves much to be desired. Overall, I can not recommend this product at the current price it's sold at. 15 to 20 dollars, then sure. Still, it's an OK product."
3,"I love pita chips, and I love Stacy's. Unfortunately, they're way too expensive at my local supermarket for me to get whenever I want, so when I saw the great price on Amazon, I knew I had to buy it!<br /><br />Shipment was super quick--I ordered Sunday, and when I got back from work on Tuesday, they were already waiting for me on my doorstep.<br /><br />But the problem is I ordered pita chips, NOT bagel chips. The bagel chips are pretty delicious too, and I'm actually pretty happy with them, but I don't understand why they mixed up the order. Even the packaging slip on the box clearly says ""Pita chips"" and not bagel chips!"
3,"These coffee pods ae from Fair Trade farms that are committed to sustainability.  The box is attractive and each of the pods is sealed in its own little packet.  I used them in a Senseo pod coffee maker as well as in the generic Mr. Coffee.  The coffee brewed up nicely and was a pretty dark color.  Unfortunately, the coffee itself was insipid.  It had weak flavor for a medium roast despite the deceptive darkness.  It was not the worst coffe I've ever had kbut not the best.  In fact it was not memorable at all, on a par with the complimentary packets you get in hotel rooms.  There is alot to like about this company but this brew left me cold."
3,"My first impression: pears mixed with green beans????? Strange.  My second impression: convenient packaging? It was not more convenient than a jar in my opinion.<br />I tasted this first and was surprised that I did not gag--I can't stand most baby foods.  It really wasn't a terrible combination and the pear taste was a little stronger than the bean without being overwhelming.  As far as taste, the most important factor (the baby), reallyenjoyed the food.<br />I don't believe that having ""organic"" plastered all over the product should make the consumer feel safe.  The design of the product didn't bowl me over either and packaging in not biodegradeable.  I don't find this package any more convenient than traditional jars--and jars can be recycled.  In fact, once a baby is eating more (finishes a jar), the jar is more convenient since the baby can be fed directly from the jar.  IF hot water is available, a jar can be placed in it as easily as the pouch in order to warm the food."
3,"While I enjoyed eating these chips, I doubt I would order them again.  The positives are that they are not too salty and they have a good, multigrain taste.  (I suppose this latter quality might be a minus for some who don't like the taste of whole grains.)  The negatives are that a fairly small serving size (one ounce) has 7 grams of fat because these chips are fried, not baked.  So while these are made using whole grains that aren't genetically modified, I'd hesitate to call them a healthful snack because of the high fat content."
3,"The tea was alright. I'm afraid it may have been sitting a while, but it was still drinkable. This product may have benefited from an airtight container while it was sitting in a warehouse waiting to be purchased."
3,"Most bagged chai blends aren't very good at all.  There, I said it.  There are a few that have authentic taste but are just too weak overall, and unfortunately, Stash Double Spiced Chai falls into that category despite hitting all the right notes with the spices.<br /><br />Upon opening a bag for the first time, I was concerned that this would be overloaded with too much cinnamon, but from the green stains on the bag it was apparent that they stuck a load of cardamom in there as well, which is a good thing.  With milk and sugar, though, the black tea just did not have the strength needed to counter-balance the spice medley.  Things improved when I added a second bag to the cup, but overall it was just too bitter and again, the BODY that you expect the black tea to provide just wasn't there.  With a different or stronger tea base Stash could have a real winner here, because they certainly have the spice blend right on."
3,"If you want the nutrition info on these bars, go to [...].  All the info you need is there.  The crunch bars are 190-200 calories each.  I think I'm going to try a couple of different ones.  I'm always looking for stuff that is not artificially sweetened and that has ""good stuff""."
3,"didn't get ,quite the taste i wanted,brought thru amazon. but overall will still keep using this product,until it runs out."
3,"My main problem with this line of products is how thick both shampoos and conditioners are, to the extent that it's hard to squeeze them out of the bottle. As for other qualities, it's just ok for my hair. This conditioner just doesn't detangle my hair, which is supposed to be one of the primary purposes of a conditioner."
3,"MIO Liquid is a cool idea: Easily flavor any quantity of water, even on the go, exactly to your liking.<br /><br />But it falls short in several areas.<br /><br />*The taste isn't great, especially if you don't measure.  The opening on the bottle only squirts; it's not possible to count out drops.  This means that you may have a difficult time getting your drink just right if you use it on the go, which seems to be its biggest selling point.  The first time I made a glass of MIO, I put in too little at first, and the weak taste was off putting.  Then I added more, but that was apparently too much.  It tasted very artificial and chemically.  The next time I made it, I measured exactly half a teaspoon (2.5 ml, which is slightly more than the recommended 2ml) in 8 ounces of water, and I was surprised to find that I liked the taste a lot better.  It was good enough to finish my glass, but the chemical aftertaste is still there.  This isn't something I'd want on a regular basis.<br /><br />*Measuring it is dicey.  You have to squeeze kind of hard to get the liquid to squirt, so once it does, it's under pressure.  It splashed out of the spoon and all over the counter and floor (missing me, fortunately; I bet this stuff stains BIG TIME).<br /><br />*Used in the quantity MIO suggests, you can flavor 24 8-ounce cups of water.  Most people would usually be flavoring 16- or 20-ounce bottles, though, so you might only be able to flavor about 10 or so bottles.  There are much cheaper ways to have ""flavored water.""<br /><br />Overall, MIO isn't the worst product around, but I wouldn't buy it again."
3,"The veggie involved here is dried cauliflower replacing some of the wheat starch in the noodles.  It smells like cauliflower when boiling.  It has a very mild cauliflower taste.<br /><br />In exchange for a slightly unusual taste, the ""veggie"" version of Kraft gives you:<br />Vitamin C 15% daily value (vs. 1% in the regular version)<br />Dietary Fiber 3 grams (vs. 1.5 in the regular stuff)<br /><br />Those were the only notable differences.  An extra 1.5 grams of fiber doesn't seem like a lot, but that's 12% DV instead of 6%.  For other nutrients, such differences matter a lot less.  The veggie version has 1 gram less fat, but that's only 11 calories worth of fat shaved from a food which is already fairly low in fat, and the total calories end up being the same anyway.  There are some 1% differences in some other vitamins, which doesn't matter.<br /><br />Getting back to the taste...<br />Even though there is only a small cauliflower influence on the taste, I found that it somehow did detract from enjoyment.  Blue-box Mac&Cheese has a very mild cheese flavor, which works OK when the noodles are normal.  But the very slight added cauliflower taste kind of masks the cheese.<br /><br />If you have kids demanding it 3 times per week, a little extra fiber and vitamin C might be a good idea.  But if this is your guilty pleasure food or just a backup plan for rare occasions, I would stick with the normal stuff.<br /><br />If you want to experiment with healthier noodles, there are several brands of dry pasta with omega 3 fats and added fiber.  They do tend to have a wheaty flavor, but on the other hand they don't have that weird cauliflower taste."
3,The packaging is rather painful to open.  They should design these with parents of new babies in mind.  Most food products with peel tops have one corner which is indicated as the side to open and the hard plastic has a crack allowing for the user to easily bend and peel the top.  No such luck with these tubs of baby food from Gerber.  It's not clear which side should be opened by the packaging and whichever one you choose will be equally stubborn before you can finally peel the top and feed your hungry baby.
3,"...however, for the price and additional shipping cost (if not receiving that free), I would not say this is a such a good value. Not sure what makes the tuna more pricey than something like the freeze-dried salmon. If these were the only treats available to the cats, they likely would not last even one week in this small amount. In the future, I'd be more apt to open up a 69-cent can of tuna, which they are just as fine with."
3,"My husband and I are big coffee drinkers, at least between the two of us we have 80 years' experience.  We drink many different brands and typically prefer flavored coffees.  I tried Luzianne based upon my experience with this brand for other food products, the other reviews, and because Amazon ran it at a pretty good price, $5.28 per pound, including the super saver shipping.  The first thing after brewing the coffee this morning, I asked my husband what he thought of it.  His response:  ""It's coffee, nothing special.""  I'd have to second that assessment.  This is a medium, leaning to light, brew and will start your morning off if you need coffee.  However, we are used to more full-bodied medium blends that satisfy more."
3,"The coffee is just ok. I've purchased a total of 15 lb's, very consistent product that's a plus of course. The bean aroma doesn't take you anywhere nor does the brewed flavor. I'm not a proponent of the Starbucks experience but who hasn't had cup? So sadly, overall, Starbucks makes a more interesting cup and flavorful brew."
3,"Ok so its chocolate that alone gets it two stars that being said this wasn't that great. I have tried many of the Newman line products and usually its pretty good/great. I still have more than half of it in my freezer that would not have happened if it wasnt so bland, with a strong after taste. Hershey dark chocolate has it beat by a mile. I will probably not be buying this one pity too I like what the company is trying to do but the taste eeehhh."
3,"If you have been to France and had their Wild Strawberry jam and know how amazing it is-this product might disappoint. It is still a decent product, but I have found better in Dean and DeLuca (granted that jam was $17). For the price of this product, I probably wouldn't purchase it again, maybe if the price was lowered."
3,"I tested this water against my regular tap water and Whole Foods spring water - it does have a smooth and almost silky quality and a pleasant taste. We blind tested all three and could reliably identify each of them (just checking it wasn't my imagination!). I only received one sample bottle so I can't comment on its claim to 'hydrate better' or any of the supposed health effects, though some other reviewers have noted long-term benefits.<br /><br />I like the oversized bottle - if you're trying to drink more water each day, it's ideal for taking to work to measure how much you're actually drinking. It's a good product though the biggest downside is the cost compared with other bottled waters or home-installed filtration systems."
3,"This stuff is tasty, but not filling.  A good substitute for PopTarts I suppose."
3,"I have enjoyed this product as an altenative to Crystal Lite. However, when I looked at the ""serving size,"" I realized I was paying WAY more than I even thought. I probably use three times what they consider a serving, which makes for an expensive drink, considering one little container is about $3-4. In other words, the serving size is deceptive so don't use that to determine price per glass made."
3,"A natural gum with real peppermint flavoring, not that fake stuff in commercial gums."
3,"This is so disappointing!  As someone who must restrict my carbohydrate intake (for my glycemic index), this Dreamfield's pasta is a fabulous find and I love the product performance; the price here wasn't bad, either.  HOWEVER, I ended up with an infestation of flour beetles (teeny tiny dark things, that don't really destroy anything as they eat grain products but DO cause an awfully annoying infestation) and the ONLY product in my huge pantry--we went through a couple hundred nonplastic or nonmetal-wrapped items items--where I found these bugs in UNopened packages was the Dreamfields pasta, and they were in all 8 remaining boxes of angel hair and in 6 of 8 remaining boxes of penne.  No bugs were apparent when the shipment arrived a couple or so months back.  When I found them inside the Dreamfields, the bugs were crawling over other items, speckled on the pantry ceiling, and had gotten inside a few other opened packages (especially a box of Milk Bone), but only this pasta had them inside unopened boxes (which were still semi-wrapped in plastic), as I said.  Thus I must conclude that this batch was the original source.  The boxes immediately went in the trash, would be unfair to try to return them, but since I'd only used 2 boxes when this was discovered, it was a big waste of money!  It took 4 hours and two of us to go through everything in the pantry, I promise I would never accuse any product specifically unless I had a pretty good idea of what happened.<br />Any way, love the product, it does not ever seem to spike my blood sugar, but I guess I won't be buying it in bulk again, even though it seems so convenient, because in the end it was horribly inconvenient and an expensive loss."
3,"My dog loves these rings, he'll work and work to chew them off until their gone usually with in ten minutes."
3,"I was excited to try this stuff, but to be honest, it has more of a creamy flavor/texture to it than a ""spicy ranchero"" sauce I was expecting.  Sour cream - that's it - it has that texture/flavor of sour cream.  I'm not a huge sour cream guy, but that's what it reminded me of.  It did not make my tacos taste like Taco Bells'.  Did I use the apostrophe correctly there?  Anyhow I love spicy food, and this barely made a blip.  It was almost distracting to use on my tacos.  I mean, the taco meat I make already has good spices in it, so covering it with this stuff kind of kills it.  Just know that this stuff is more ""creamy"" than ""spicy"".  Maybe it would be better on plain grilled beef?  I wasn't blown away by it, but I didn't hate it either."
3,Miss Vickies are better but unfortunately less widely available.  I'm not sure tough is the right word but there is a noticeable difference between the two brands and Miss Vickie's are better IMHO.
3,"I think this product might work well in some situations.  For me, my dog was very small when I got it, and right after receiving it, he needed to be trained without treats.  Then, when he was 9 months old, about 4 months after receiving the product, I decided to try it again, as he was at that age where he knows he should come when called, but is a bit defiant about it.  By then, the stuff in the bottle had gotten a bit thick, and the roller didn't work too well.  I used it a little anyway, just forcing the ball to roll with my finger, but I then left it in my coat pocket, and when I wasn't paying attention, Archie bit into the pocket and crushed the bottle and it oozed out inside my pocket - arghh!  Not the product's fault, obviously.  It could definitely work, but I think I will just stick with the old standard kibbles in a plastic bag for now anyway."
3,From reading the reviews I was expecting a better product than this. To me it is just average and I won't be ordering again........<br /><br />PHRED05
3,"I agree with the previous poster that the box is very misleading. It's a huge box, but the end result is that the box is only 1/3 full. I also agreed that it ended up being too salty for me. I had to add a little bit extra water to lighten it up."
3,"The product is very tasty and convenient when I tried one.  It arrived promptly.  The problem is that what I received (and even got a replacement order hoping to fix the problem) had a ""best by"" date of only about 2 1/2 more months.  If you buy this at the grocery (yes it costs more there) typically you have a ""best by"" date of 12-18 months.  If you are going to use the product promptly, then the short shelf life date is no problem.  But if you are buying it for emergency purposes (meaning you plan on storing it for awhile), it is not appropriate.  I really like shopping at Amazon, but for the ""suggestion box"" if a product has a fairly short remaining shelf life, that should be part of the product description."
3,"I am a tea fanatic, 4-6 cups a days of all sorts of loose leafed teas from local tea shops around town, and grabbed these at a local grocery store last week to try out.  I am also a fan of honey, all sorts, although I prefer local/organic raw honeys over the mass-produced cheap kind.  I will be travelling for Christmas this year and portable honey sounded great!  First impression was that a box of only 20 was a tad expensive - you can buy a bottle of very quality honey for the same price, but the bottle would last you much much longer.  However, I still bought it and tried it out, and here are my impressions:<br /><br />CONS:<br />-  Some of the drops had oozed/leaked and the inside of the box was a tad sticky.  Also, some of the drops were sticky.  Not impressed with the packaging job.<br />-  When popping open 1 serving of the honey, it wasn't solid like a hard candy would be, it was a tad gooey, and I had to dig it out with a spoon to get it into the hot water because it was stuck to its container.  It didn't just pop right out.  It says on the box that you can hold this honey in your hand... no you can't and I wouldn't recommend it!  haha<br />-  As previously mentioned, a tad pricey for only 20 servings<br /><br />PROS:<br />- Perfect portion size for 1 cup of tea if you like your tea just mildly sweetened.  You will need 2+ drops if you like it very sweet<br />- Flavor is very good and you can taste the lemon.  It seems like a good quality honey was used.<br />- Great for travelling IF you put the drops into a Ziploc bag or other leakproof container, as some of them were sticky, so something must have leaked somewhere in the box.  It's a ""peel off the foil and pop out"" sort of container for each drop, so if you throw these loose into your purse and something pierces the thin foil, you're in trouble!<br />-  Directions for use were spot-on.  It says to drop the honey in hot water and stir for 30-60 seconds.  I was stirring for almost 60 seconds!  It's such a solid piece that it takes some working to get it all to dissolve, and of course the hotter the water, the better.<br /><br />This was an impulse buy and I will probably only save the use of this honey for when I am travelling since it was so expensive per serving. The honey tasted very good and seemed of good quality but the packaging had some issues.  I haven't tried them as throat drops, but it sounds like a great idea!  I will probably stick to my raw honey in the jar or bottle for everyday use though... these are just a novelty for now!"
3,"The first thing that hit me is that these appear to be a low-acid gype of coffee....I didn't get that icky feeling some coffees give you after you drink them.  That is a definite plus.  But the coffee itself isn't that strong either.  I'm not into Kona or really deep flavors, I like just a medium blend.  But this still seemed weak.  It almost came across as coffee-tea than a strong cup of joe.<br /><br />I don't think I'd order this particular blend again."
3,This is the first food item i have ever ordered online so i wasn't expecting much. I'm over seas so i think the taste of the muffins was a little odd at first due to the distance factor. Over all they are still the muffins i love at a resonable price so they are good enough for me.
